d1,d2,d3,open,high
01,01,2008,532.549988,539
02,01,2008,528.799988,531.400024
03,01,2008,517.549988,524
04,01,2008,495,515
07,01,2008,502.549988,502.549988
08,01,2008,495.5,497.5
09,01,2008,495.274994,502.924988
10,01,2008,499.5,504.024994
11,01,2008,490.5,502.350006
14,01,2008,497.5,500
15,01,2008,483,489.850006
16,01,2008,469.5,483
17,01,2008,480,480.5
18,01,2008,462.5,465
21,01,2008,450.5,454.5
22,01,2008,417.5,434.5
23,01,2008,402.5,443.450012
24,01,2008,436.5,444.950012
25,01,2008,422,444.850006
28,01,2008,442.5,442.5
29,01,2008,427.5,441.5
30,01,2008,440,440
31,01,2008,432,442.5
01,02,2008,441,470.5
04,02,2008,470.5,493.5
05,02,2008,485.5,485.5
06,02,2008,462.5,463.350006
07,02,2008,447,454
08,02,2008,440.5,462.5
11,02,2008,450,465
12,02,2008,455,460
13,02,2008,435.149994,446
14,02,2008,440.5,449.5
15,02,2008,437.5,444
18,02,2008,432.5,444
19,02,2008,429,442
20,02,2008,441.5,446
21,02,2008,445,465.5
22,02,2008,455.5,459.75
25,02,2008,452.5,455.5
26,02,2008,455,457.899994
27,02,2008,452.475006,456.975006
28,02,2008,440.350006,444.350006
29,02,2008,447.5,449.5
03,03,2008,434.75,434.75
04,03,2008,428.5,432.399994
05,03,2008,425,441.450012
07,03,2008,430,430.950012
10,03,2008,420,427.350006
11,03,2008,412.5,415.5
12,03,2008,424,425
13,03,2008,408.049988,409
14,03,2008,389.5,404.975006
17,03,2008,390.5,399
18,03,2008,394.850006,414
19,03,2008,415,420
24,03,2008,407.5,418.399994
25,03,2008,417.424988,449.5
26,03,2008,440,445
27,03,2008,430.549988,437.5
28,03,2008,425,436
31,03,2008,432.5,434.5
01,04,2008,407.5,425.5
02,04,2008,425,434.899994
03,04,2008,415.5,445.600006
04,04,2008,442.5,443.5
07,04,2008,437.5,458.899994
08,04,2008,452.5,457.5
09,04,2008,440,446.125
10,04,2008,436.149994,459.649994
11,04,2008,490,490
15,04,2008,452.5,494
16,04,2008,492.5,500.024994
17,04,2008,490.5,505
21,04,2008,507.5,519.349976
22,04,2008,484.5,490
23,04,2008,447.5,454.399994
24,04,2008,467.950012,485
25,04,2008,448,451
28,04,2008,443.5,450
29,04,2008,444.5,466.5
30,04,2008,457.5,467.5
02,05,2008,465,480.5
05,05,2008,472.5,477
06,05,2008,457.25,475.5
07,05,2008,475,489.5
08,05,2008,483,485.5
09,05,2008,467.5,477
12,05,2008,450.524994,467
13,05,2008,468.5,472.5
14,05,2008,450,489.950012
15,05,2008,487.850006,500.024994
16,05,2008,499,500.075012
20,05,2008,488.075012,488.899994
21,05,2008,476.375,484
22,05,2008,475,492.5
23,05,2008,482.5,489.350006
26,05,2008,462.5,482.424988
27,05,2008,480,492.5
28,05,2008,487.5,507.950012
29,05,2008,507.5,513.375
30,05,2008,497.674988,523.974976
02,06,2008,514,527
03,06,2008,485,495
04,06,2008,489.424988,489.424988
05,06,2008,479.049988,498
06,06,2008,497,498.899994
09,06,2008,470,482.5
10,06,2008,454.5,457.825012
11,06,2008,447,454.975006
12,06,2008,434,450.924988
13,06,2008,449.5,460.549988
16,06,2008,460,463.975006
17,06,2008,455,463.5
18,06,2008,462.5,462.5
19,06,2008,447.5,447.950012
20,06,2008,447.5,450
23,06,2008,425.5,439.5
24,06,2008,430,432.399994
25,06,2008,410,443
26,06,2008,442.5,444.950012
27,06,2008,432.5,436
30,06,2008,432.450012,439
01,07,2008,429.399994,439.450012
02,07,2008,419,444
03,07,2008,437,439
04,07,2008,422.549988,434.5
07,07,2008,425,431.975006
08,07,2008,426,426
09,07,2008,424.875,444.5
10,07,2008,442.5,445
11,07,2008,441,445
14,07,2008,397.5,399
15,07,2008,380,392.5
16,07,2008,379.5,384.5
17,07,2008,374,391
18,07,2008,395,400.850006
21,07,2008,397.549988,409.200012
22,07,2008,407,420.975006
23,07,2008,423.5,432
24,07,2008,432,432
25,07,2008,397.549988,409.5
28,07,2008,399.5,408.5
29,07,2008,400,406.125
30,07,2008,407.450012,421.5
31,07,2008,420.5,420.5
01,08,2008,414.5,428.75
04,08,2008,419.625,419.975006
05,08,2008,410,417.75
06,08,2008,420,434.350006
07,08,2008,430,435
08,08,2008,425,427
11,08,2008,430,430
12,08,2008,419,420.950012
13,08,2008,407.5,417.5
14,08,2008,417.5,421.25
18,08,2008,414.5,426
19,08,2008,420.5,425
20,08,2008,422.5,424.5
21,08,2008,417.5,421.5
22,08,2008,407.5,412
25,08,2008,412.5,416.5
26,08,2008,408.5,418.200012
27,08,2008,417.75,420
28,08,2008,410,412.5
29,08,2008,407,409.75
01,09,2008,405,409.5
02,09,2008,412.5,426.25
04,09,2008,422.5,427.475006
05,09,2008,422.5,425.950012
08,09,2008,430,437.5
09,09,2008,426.5,435.049988
10,09,2008,432.950012,434.799988
11,09,2008,424.950012,425.5
12,09,2008,417.5,422.5
15,09,2008,400,400
16,09,2008,375,375.475006
17,09,2008,379.5,382
18,09,2008,360,373
19,09,2008,365,387.5
22,09,2008,387.5,392.475006
23,09,2008,380,383.5
24,09,2008,367.350006,367.5
25,09,2008,357.5,359.5
26,09,2008,342.5,347.5
29,09,2008,340,340
30,09,2008,287.5,337
01,10,2008,335,341.399994
03,10,2008,332.5,335
06,10,2008,324,324
07,10,2008,311,333
08,10,2008,283,283
10,10,2008,256,275
13,10,2008,268,301.125
14,10,2008,298.625,310
15,10,2008,290,293.725006
16,10,2008,260,260
17,10,2008,252,258
20,10,2008,232.5,253.899994
21,10,2008,252.5,284.5
22,10,2008,274.950012,278
23,10,2008,248.5,293
24,10,2008,262.5,268.424988
27,10,2008,235,255
29,10,2008,262.5,287.5
31,10,2008,277.5,297.5
03,11,2008,280,285
04,11,2008,276.975006,276.975006
05,11,2008,260,274.450012
06,11,2008,245.5,260.424988
07,11,2008,245.125,266.899994
10,11,2008,269.450012,275.5
11,11,2008,272,273.5
12,11,2008,261.5,276.399994
14,11,2008,268.524994,274.5
17,11,2008,269,269
18,11,2008,252.625,258
19,11,2008,243,247.5
20,11,2008,235,240.425003
21,11,2008,229.949997,258
24,11,2008,251.5,265
25,11,2008,264.850006,267.875
26,11,2008,252.625,265.200012
28,11,2008,253,281.850006
01,12,2008,284.5,295.850006
02,12,2008,272.5,275
03,12,2008,270,275.149994
04,12,2008,268.5,276.450012
05,12,2008,272.600006,274.5
08,12,2008,270,273.899994
10,12,2008,253.5,278
11,12,2008,271,272.5
12,12,2008,250,250
15,12,2008,244.800003,250.949997
16,12,2008,235,243
17,12,2008,247,247
18,12,2008,239.850006,256.975006
19,12,2008,255,257.975006
22,12,2008,257,259.450012
23,12,2008,254.949997,256
24,12,2008,250,252.199997
26,12,2008,239.024994,243.5
29,12,2008,234,239.75
30,12,2008,237.5,242.899994
31,12,2008,242.5,243.5
02,01,2009,242.5,253.75
05,01,2009,252.350006,262
06,01,2009,259.950012,260
07,01,2009,254.899994,257
09,01,2009,251.850006,275
12,01,2009,267.5,269.850006
13,01,2009,252,268
14,01,2009,267.5,278.450012
15,01,2009,264.450012,264.450012
16,01,2009,245,259.399994
19,01,2009,252.5,254.75
20,01,2009,249,253.949997
21,01,2009,247.5,250.5
22,01,2009,247,251.475006
23,01,2009,246,248.949997
27,01,2009,247,257.424988
28,01,2009,250.5,255
29,01,2009,257.524994,257.524994
30,01,2009,252.5,259
02,02,2009,253.5,253.5
03,02,2009,247.375,254.899994
04,02,2009,252.725006,256.25
05,02,2009,251.75,251.75
06,02,2009,242.5,253.5
09,02,2009,252.5,262
10,02,2009,257.975006,263.399994
11,02,2009,259,261.299988
12,02,2009,259,259
13,02,2009,256,260
16,02,2009,258,258.5
17,02,2009,249,249.949997
18,02,2009,238.5,245.850006
19,02,2009,242,246.25
20,02,2009,243,243.5
24,02,2009,234.975006,237.75
25,02,2009,237.5,241.350006
26,02,2009,239.5,245
27,02,2009,241,242.5
02,03,2009,237.5,237.5
03,03,2009,229,232.5
04,03,2009,225,232.449997
05,03,2009,232.449997,235.350006
06,03,2009,230,242.100006
09,03,2009,240.449997,242
12,03,2009,225.125,242.350006
13,03,2009,226.675003,254.425003
16,03,2009,253.5,261.25
17,03,2009,255.550003,258.399994
18,03,2009,249,256.950012
19,03,2009,253.5,258.975006
20,03,2009,250,258.549988
23,03,2009,254,264
24,03,2009,255.675003,266.399994
25,03,2009,250.675003,264.899994
26,03,2009,255.675003,287.950012
27,03,2009,275.125,292.5
30,03,2009,275,282.5
31,03,2009,255,272
01,04,2009,252.625,276.600006
02,04,2009,270.125,293.399994
06,04,2009,292.5,296.850006
08,04,2009,289.799988,306
09,04,2009,300,307.5
13,04,2009,301.600006,304.549988
15,04,2009,295.850006,295.850006
16,04,2009,275,294.5
17,04,2009,275,299.5
20,04,2009,276.299988,291
21,04,2009,288.100006,299.850006
22,04,2009,264,280.5
23,04,2009,274.5,286.350006
24,04,2009,275,292.5
27,04,2009,275,304
28,04,2009,300,303.700012
29,04,2009,301.5,313.600006
30,04,2009,311.600006,311.600006
04,05,2009,311.600006,349.700012
05,05,2009,315,335
06,05,2009,315,326
07,05,2009,300,322.524994
08,05,2009,305,321.5
11,05,2009,307.5,319.600006
12,05,2009,300,322.399994
13,05,2009,315,322.5
14,05,2009,314,314
15,05,2009,300.575012,327.149994
18,05,2009,360,370
19,05,2009,397.350006,397.350006
20,05,2009,330.049988,350.5
21,05,2009,325.5,342.475006
22,05,2009,324.350006,324.350006
25,05,2009,302.975006,322.5
26,05,2009,310,319.25
27,05,2009,318,324.875
28,05,2009,321,334.25
29,05,2009,334.049988,352.399994
01,06,2009,340,354.5
02,06,2009,345,357.399994
03,06,2009,342.549988,354.325012
04,06,2009,340,354.5
05,06,2009,355.5,362.950012
08,06,2009,365,372.725006
09,06,2009,362.5,396
10,06,2009,385,402.5
11,06,2009,385,395
12,06,2009,382.5,397.5
15,06,2009,382,392.5
16,06,2009,392.700012,393
17,06,2009,380,394.899994
18,06,2009,370,393.5
19,06,2009,383,392.399994
22,06,2009,387.799988,388
23,06,2009,360,377
24,06,2009,367,387.700012
25,06,2009,384,391.950012
26,06,2009,375,402.399994
29,06,2009,402,402
30,06,2009,380,397.899994
01,07,2009,380,399.600006
02,07,2009,385,396
03,07,2009,385,394
06,07,2009,394.5,397.950012
07,07,2009,383,393.049988
08,07,2009,385,386
09,07,2009,381,390.899994
10,07,2009,392.5,401.100006
13,07,2009,387.899994,400.899994
14,07,2009,401,411.25
15,07,2009,414.450012,426
16,07,2009,428.899994,429.5
17,07,2009,419.5,444.299988
20,07,2009,449.700012,514.200012
21,07,2009,507,513.799988
22,07,2009,477.399994,485.799988
23,07,2009,540.099976,540.099976
24,07,2009,480,485.850006
27,07,2009,485,489.899994
28,07,2009,485,485
29,07,2009,479.700012,504.450012
30,07,2009,501,536.900024
31,07,2009,540,540
03,08,2009,527,534.75
04,08,2009,521.099976,540.650024
05,08,2009,538,538.700012
06,08,2009,530.349976,534
07,08,2009,517.650024,522
10,08,2009,514,551.25
11,08,2009,542,557.900024
12,08,2009,536.099976,541.700012
13,08,2009,530,533.799988
14,08,2009,526.700012,530
17,08,2009,520,520
18,08,2009,508.100006,515.5
19,08,2009,510,518.650024
20,08,2009,505,508.799988
21,08,2009,435.549988,512
24,08,2009,515,525.400024
25,08,2009,520,530.700012
26,08,2009,529,555
27,08,2009,550,559.900024
28,08,2009,545.299988,554.900024
31,08,2009,521.099976,545
01,09,2009,534,534.700012
02,09,2009,525,541
03,09,2009,536.200012,544
04,09,2009,536.200012,544
07,09,2009,533.049988,552.75
08,09,2009,555,570
09,09,2009,553,564.700012
10,09,2009,569,569
11,09,2009,559,568.799988
14,09,2009,555.549988,564.599976
15,09,2009,562,575
16,09,2009,575.099976,580
17,09,2009,576,586.900024
18,09,2009,579.799988,589.799988
22,09,2009,583.799988,604.5
23,09,2009,601.5,611.5
24,09,2009,588,605.400024
25,09,2009,597,597
29,09,2009,587.049988,613.799988
30,09,2009,615,621.900024
01,10,2009,620,648.650024
05,10,2009,631.950012,638.799988
06,10,2009,620,628.799988
07,10,2009,614,629
08,10,2009,597,597
09,10,2009,587,591
12,10,2009,573,584
13,10,2009,580.599976,580.599976
14,10,2009,588,598
15,10,2009,595,600
16,10,2009,585,602.450012
20,10,2009,599,625.950012
21,10,2009,621.400024,639.700012
22,10,2009,625.099976,644.799988
23,10,2009,627.5,645.900024
26,10,2009,641,656.849976
27,10,2009,644,653.150024
28,10,2009,645.5,650
29,10,2009,640,644
30,10,2009,638,649
03,11,2009,626.200012,634
04,11,2009,615,627.849976
05,11,2009,627.799988,635
06,11,2009,630,635
09,11,2009,625.799988,627.200012
10,11,2009,627,628
11,11,2009,626,646.900024
12,11,2009,648.799988,661
13,11,2009,655,674.799988
16,11,2009,664.900024,674.700012
17,11,2009,660,693
18,11,2009,690.25,705.5
19,11,2009,687,695.049988
20,11,2009,677,696
23,11,2009,693.299988,699.950012
24,11,2009,694.099976,703
25,11,2009,698,711.400024
26,11,2009,701,710
27,11,2009,681,685
30,11,2009,680,692.5
01,12,2009,696,696
02,12,2009,693,695.900024
03,12,2009,683.950012,696
04,12,2009,681.099976,700
07,12,2009,698.950012,705.799988
08,12,2009,705,705
09,12,2009,692.25,711
10,12,2009,706,710.75
11,12,2009,710,714
14,12,2009,703,711.849976
15,12,2009,706.5,711.700012
16,12,2009,700,717.5
17,12,2009,713,727.849976
18,12,2009,724.5,730.900024
21,12,2009,730,745.5
22,12,2009,736.5,742
23,12,2009,726.900024,747
24,12,2009,744,752.5
29,12,2009,748.700012,752.799988
30,12,2009,746,749
31,12,2009,746.900024,754
04,01,2010,749.75,757.900024
05,01,2010,756.25,759.799988
06,01,2010,752.900024,753
07,01,2010,733,735.799988
08,01,2010,700,716
11,01,2010,702,719.849976
12,01,2010,725.900024,752.950012
13,01,2010,750,796
14,01,2010,790,795
15,01,2010,790,799.200012
18,01,2010,801,816.400024
19,01,2010,801,802
20,01,2010,785,788.5
21,01,2010,778.650024,790.900024
22,01,2010,761,764.900024
25,01,2010,740.5,765.349976
27,01,2010,755.75,759.650024
28,01,2010,748.099976,758.450012
29,01,2010,732,740
01,02,2010,735.450012,761
02,02,2010,759,763.799988
03,02,2010,743,755.5
04,02,2010,759.799988,759.799988
05,02,2010,719.25,742.75
08,02,2010,735,735
09,02,2010,725,740.900024
10,02,2010,735,743.950012
11,02,2010,734.099976,747.799988
15,02,2010,746.5,747.700012
16,02,2010,747,762
17,02,2010,750,767.900024
18,02,2010,762,766.799988
19,02,2010,750.299988,759.799988
22,02,2010,760,763.200012
23,02,2010,721.349976,764.200012
24,02,2010,758,771
25,02,2010,770,773
26,02,2010,765,777
02,03,2010,763.099976,766
03,03,2010,769,774.400024
04,03,2010,770,772
05,03,2010,765,766.700012
08,03,2010,768,778
09,03,2010,762.599976,778
10,03,2010,765,784.650024
11,03,2010,783.299988,794.900024
12,03,2010,795,798.349976
15,03,2010,797.200012,817.200012
16,03,2010,818,829
17,03,2010,830.900024,844
18,03,2010,842,843
19,03,2010,830,834.200012
22,03,2010,811,832.799988
23,03,2010,829.900024,833.900024
25,03,2010,830.900024,836.799988
26,03,2010,830,835.900024
29,03,2010,829,829.900024
30,03,2010,813,815
31,03,2010,801,807.700012
01,04,2010,786.900024,810
05,04,2010,814,814
06,04,2010,804.799988,805
07,04,2010,794.799988,801.450012
08,04,2010,780,807.799988
09,04,2010,800,808.700012
12,04,2010,793.25,799.5
13,04,2010,794,823.5
15,04,2010,825.099976,834.900024
16,04,2010,820,828
19,04,2010,809.900024,825
20,04,2010,822.099976,831.950012
21,04,2010,786,798.700012
22,04,2010,788.5,793.400024
23,04,2010,730,792
26,04,2010,783,790.900024
27,04,2010,786,789.900024
28,04,2010,780,783.650024
29,04,2010,774,774.400024
30,04,2010,765,773
03,05,2010,756,771.5
04,05,2010,762.099976,772.900024
05,05,2010,761,767.900024
06,05,2010,764.5,770.599976
07,05,2010,758.900024,763
10,05,2010,747,773
11,05,2010,769,771.099976
12,05,2010,757,767.900024
13,05,2010,764.900024,771.5
14,05,2010,766,777
17,05,2010,759.450012,760
18,05,2010,741,742.5
19,05,2010,728,733.5
20,05,2010,720,733
21,05,2010,715,726
24,05,2010,726.099976,729.299988
25,05,2010,710,715
26,05,2010,708,741.700012
27,05,2010,736.900024,745
28,05,2010,748,751
31,05,2010,750,752
01,06,2010,742,751.599976
02,06,2010,740,757.049988
03,06,2010,760,767.950012
04,06,2010,766,769.299988
07,06,2010,745,757.150024
08,06,2010,752.950012,761.400024
09,06,2010,752.5,757
10,06,2010,735,752.900024
11,06,2010,760.5,763.299988
14,06,2010,762,787
15,06,2010,777.700012,777.700012
16,06,2010,772,778.900024
17,06,2010,771.900024,778
18,06,2010,771,789
21,06,2010,785,797.450012
22,06,2010,788,788
23,06,2010,770,790
24,06,2010,788,788
25,06,2010,775,775
28,06,2010,760,766.299988
29,06,2010,761,762.5
30,06,2010,750,754.299988
01,07,2010,748,748
02,07,2010,730.099976,745.650024
05,07,2010,749.25,749.900024
06,07,2010,740.099976,760
07,07,2010,758.5,766.450012
08,07,2010,770,778.549988
09,07,2010,778.099976,781.900024
12,07,2010,779.799988,793.799988
13,07,2010,793.400024,795
14,07,2010,785,785
15,07,2010,770,786.799988
16,07,2010,792,838.299988
19,07,2010,830.700012,833.799988
20,07,2010,830,834.5
21,07,2010,829.799988,842
22,07,2010,840,844.5
23,07,2010,848,850
26,07,2010,844.900024,848.950012
27,07,2010,848.5,858.900024
28,07,2010,848.700012,856.900024
29,07,2010,851.400024,856
30,07,2010,847,849.900024
02,08,2010,846,848.799988
03,08,2010,838.549988,843.400024
04,08,2010,865,871
05,08,2010,873,882
06,08,2010,878,883.400024
09,08,2010,847,883.400024
10,08,2010,878,878.049988
11,08,2010,860,873
12,08,2010,850.5,857.700012
13,08,2010,856,863.400024
16,08,2010,858,863
17,08,2010,880,880
18,08,2010,852.25,873.650024
19,08,2010,874.049988,880
20,08,2010,868,879.799988
23,08,2010,862,875.450012
24,08,2010,870,880.5
25,08,2010,870,879.900024
26,08,2010,872,876.349976
27,08,2010,873.349976,873.799988
30,08,2010,860.549988,863.049988
31,08,2010,845,846.700012
01,09,2010,844,859.849976
02,09,2010,864,865
03,09,2010,845.900024,851.700012
06,09,2010,838,857.25
07,09,2010,856,874.25
08,09,2010,860,882.5
09,09,2010,880,883
13,09,2010,879,887.900024
14,09,2010,880,898.400024
15,09,2010,896,917
16,09,2010,911,912.5
17,09,2010,895.099976,915.950012
20,09,2010,913,921.5
21,09,2010,914.950012,957
22,09,2010,956.799988,959
23,09,2010,934.900024,946
24,09,2010,933,938.400024
27,09,2010,1006,1006
28,09,2010,925,929.950012
29,09,2010,924.799988,938.200012
30,09,2010,923.200012,928.099976
01,10,2010,928.799988,965
04,10,2010,965.200012,974
05,10,2010,933.349976,965
06,10,2010,960,967
07,10,2010,960,965.75
08,10,2010,941,955
11,10,2010,943,955.700012
12,10,2010,941,956
13,10,2010,960,996.599976
14,10,2010,995,1004.299988
15,10,2010,996,1010
18,10,2010,951,982
19,10,2010,986.950012,987
20,10,2010,966,979.799988
21,10,2010,975,991.950012
22,10,2010,1022.049988,1049.900024
25,10,2010,1041,1069.599976
26,10,2010,1068,1068
27,10,2010,1064,1066
28,10,2010,1045.5,1065.5
29,10,2010,1052.599976,1059.699951
01,11,2010,1053,1064
02,11,2010,1058.949951,1059.25
03,11,2010,1052,1077.849976
04,11,2010,1058,1078.449951
08,11,2010,1082,1085
09,11,2010,1068,1099
10,11,2010,1092.5,1107
11,11,2010,1092,1092
12,11,2010,1069,1070
15,11,2010,1056,1079.800049
16,11,2010,1069,1070
18,11,2010,1052.550049,1069
19,11,2010,1049.849976,1049.849976
22,11,2010,1018.150024,1045
23,11,2010,1033,1045
24,11,2010,1034.099976,1034.099976
25,11,2010,1013.849976,1040
26,11,2010,1031,1050
29,11,2010,1060,1075
30,11,2010,1060,1086
01,12,2010,1067.550049,1091.900024
02,12,2010,1084.949951,1096
03,12,2010,1096,1112
06,12,2010,1092,1109
07,12,2010,1101,1101
08,12,2010,1090,1093.550049
09,12,2010,1081,1096.900024
10,12,2010,1071,1083.849976
13,12,2010,1075,1078
14,12,2010,1074,1090
15,12,2010,1084.949951,1105
16,12,2010,1104.449951,1143.400024
20,12,2010,1141,1174.5
21,12,2010,1165.900024,1171.849976
22,12,2010,1162.449951,1169
23,12,2010,1150,1160
24,12,2010,1136.099976,1148
27,12,2010,1142,1159
28,12,2010,1143,1151.25
29,12,2010,1149.300049,1160.900024
30,12,2010,1155,1171.900024
31,12,2010,1171.449951,1179
03,01,2011,1165,1176.699951
04,01,2011,1160,1165.25
05,01,2011,1154,1165.699951
06,01,2011,1170.449951,1182
07,01,2011,1177.949951,1186.800049
10,01,2011,1141.699951,1149.5
11,01,2011,1124.949951,1135
12,01,2011,1113,1151.699951
13,01,2011,1129.800049,1155.650024
14,01,2011,1130,1150
17,01,2011,1139,1145.449951
18,01,2011,1171.099976,1207
19,01,2011,1206,1208.650024
20,01,2011,1185,1219.5
21,01,2011,1201,1219
24,01,2011,1212.449951,1221
25,01,2011,1206.75,1219
27,01,2011,1190,1206.699951
28,01,2011,1195,1203
31,01,2011,1173,1173
01,02,2011,1157.199951,1166.099976
02,02,2011,1159,1195.949951
03,02,2011,1179,1194.5
04,02,2011,1183,1183
07,02,2011,1166,1172
08,02,2011,1136,1148.199951
09,02,2011,1119.5,1129.699951
10,02,2011,1107.699951,1115.099976
11,02,2011,1091,1102.800049
14,02,2011,1101,1119.550049
15,02,2011,1115.949951,1116
16,02,2011,1104.75,1110
17,02,2011,1098.199951,1115
18,02,2011,1108.75,1131.900024
21,02,2011,1090,1144.949951
22,02,2011,1124,1146.949951
23,02,2011,1124.099976,1144.949951
24,02,2011,1115.300049,1137
25,02,2011,1102.300049,1116.900024
28,02,2011,1108,1148.75
01,03,2011,1119,1132.449951
03,03,2011,1119,1154.550049
04,03,2011,1155,1164
07,03,2011,1126.800049,1126.800049
08,03,2011,1108,1128
09,03,2011,1123,1136.449951
10,03,2011,1123,1123
11,03,2011,1100,1103.599976
14,03,2011,1070,1100
15,03,2011,1080,1095
16,03,2011,1090,1122.75
17,03,2011,1110,1117.949951
18,03,2011,1094.599976,1108
21,03,2011,1086.099976,1092.75
22,03,2011,1072.5,1080.599976
23,03,2011,1069,1071
24,03,2011,1071,1095
25,03,2011,1109,1126.5
28,03,2011,1120,1126.949951
29,03,2011,1120,1150
30,03,2011,1147,1163
31,03,2011,1155,1196.5
01,04,2011,1183,1198
04,04,2011,1180.099976,1214.949951
05,04,2011,1212,1243.900024
06,04,2011,1240,1247
07,04,2011,1221,1221
08,04,2011,1197.800049,1213.900024
11,04,2011,1194.949951,1194.949951
13,04,2011,1180,1221.599976
15,04,2011,1211,1222
18,04,2011,1194,1213
19,04,2011,1150,1169.349976
20,04,2011,1178,1223.099976
21,04,2011,1237.199951,1245.900024
25,04,2011,1199.900024,1203.900024
26,04,2011,1199,1200
27,04,2011,1190.050049,1194.949951
28,04,2011,1180,1184
29,04,2011,1173,1173
02,05,2011,1165.5,1183.800049
03,05,2011,1158,1158
04,05,2011,1144.449951,1144.449951
05,05,2011,1142,1142
06,05,2011,1119.449951,1148
09,05,2011,1149,1152.25
10,05,2011,1135,1158.5
11,05,2011,1144.949951,1151
12,05,2011,1131,1133.449951
13,05,2011,1115,1141
16,05,2011,1124.449951,1145
17,05,2011,1130,1148
18,05,2011,1143.199951,1160
19,05,2011,1160,1169.400024
20,05,2011,1170,1182
23,05,2011,1174.699951,1174.699951
24,05,2011,1162.949951,1173
25,05,2011,1145.050049,1150.800049
26,05,2011,1132.050049,1142
27,05,2011,1147.800049,1150
30,05,2011,1146.5,1158.900024
31,05,2011,1160,1175.5
01,06,2011,1158.949951,1176.75
02,06,2011,1155.199951,1168
03,06,2011,1165.5,1175
06,06,2011,1148,1168.900024
07,06,2011,1163,1181
08,06,2011,1169,1182.300049
09,06,2011,1177.349976,1193.050049
10,06,2011,1188.949951,1196.900024
13,06,2011,1188,1189
14,06,2011,1180,1193
15,06,2011,1188,1202.849976
16,06,2011,1178.050049,1185.949951
17,06,2011,1162,1162
20,06,2011,1119.949951,1120.550049
21,06,2011,1078,1110.400024
22,06,2011,1111.050049,1116.599976
23,06,2011,1079.199951,1100
24,06,2011,1096,1139.900024
27,06,2011,1120.699951,1154.699951
28,06,2011,1158,1162.75
29,06,2011,1153,1177.849976
30,06,2011,1170,1185.400024
01,07,2011,1185.050049,1191
04,07,2011,1188,1198.949951
05,07,2011,1181.25,1189
06,07,2011,1180.099976,1192
07,07,2011,1184,1199.5
08,07,2011,1197,1204.900024
11,07,2011,1170,1178.949951
12,07,2011,1144,1150
13,07,2011,1152,1167.699951
14,07,2011,1150.550049,1159
15,07,2011,1350.300049,1350.300049
18,07,2011,1150.800049,1153.25
19,07,2011,1124,1146.949951
20,07,2011,1150,1155
21,07,2011,1132.5,1133.400024
22,07,2011,1133,1139.900024
25,07,2011,1132,1142.800049
26,07,2011,1139,1149.900024
27,07,2011,1146.050049,1154.050049
28,07,2011,1138.5,1143
29,07,2011,1136.599976,1141.75
01,08,2011,1138.099976,1149.800049
02,08,2011,1134,1135
03,08,2011,1122,1126.400024
04,08,2011,1113,1119.599976
05,08,2011,1078,1078
08,08,2011,1010,1031
09,08,2011,966,984.700012
10,08,2011,998.900024,1012
11,08,2011,980,984
12,08,2011,990.049988,992.049988
16,08,2011,971.900024,977.900024
17,08,2011,975,1010
18,08,2011,1007,1009.450012
19,08,2011,937.150024,944.450012
22,08,2011,929,930
23,08,2011,922.900024,986
24,08,2011,982.900024,982.900024
25,08,2011,964,972.900024
26,08,2011,954.900024,968.400024
29,08,2011,967,1025
30,08,2011,1029.849976,1050
02,09,2011,1061,1073
05,09,2011,1014,1034
06,09,2011,1019.400024,1041.349976
07,09,2011,1030.949951,1048.75
08,09,2011,1034.900024,1055
09,09,2011,1037,1051
12,09,2011,1002,1002.950012
13,09,2011,999,1023.200012
14,09,2011,1002,1028.400024
15,09,2011,1029.5,1044
16,09,2011,1045.199951,1071
19,09,2011,1023.5,1031.900024
20,09,2011,1024,1065
21,09,2011,1065,1067.199951
22,09,2011,1025,1034
23,09,2011,990,1014.5
26,09,2011,1000,1008.799988
27,09,2011,1015,1042
28,09,2011,1047,1063
29,09,2011,1040,1067.849976
30,09,2011,1054,1064.199951
03,10,2011,1024.949951,1048
04,10,2011,1036,1056.400024
05,10,2011,1052.25,1062
07,10,2011,1070,1077.75
10,10,2011,1048.300049,1074.5
11,10,2011,1071.050049,1078
12,10,2011,1064,1088.800049
13,10,2011,1095,1103.5
14,10,2011,1088.599976,1140
17,10,2011,1150,1154.900024
18,10,2011,1062,1064
19,10,2011,1043.5,1053.800049
20,10,2011,1036,1046
21,10,2011,1052,1059.900024
24,10,2011,1057,1091.650024
25,10,2011,1086.099976,1108.800049
28,10,2011,1101,1137.449951
31,10,2011,1118,1131.75
01,11,2011,1100,1122
02,11,2011,1095.050049,1121
03,11,2011,1100,1108.099976
04,11,2011,1117.199951,1123
08,11,2011,1100.949951,1114
09,11,2011,1111,1145
11,11,2011,1102,1139.900024
14,11,2011,1136,1156
15,11,2011,1127.800049,1138.449951
16,11,2011,1122.199951,1132.800049
17,11,2011,1114.699951,1123
18,11,2011,1109.949951,1109.949951
21,11,2011,1085,1087
22,11,2011,1068,1094
23,11,2011,1083,1083
24,11,2011,1069.75,1093.849976
25,11,2011,1088.400024,1088.400024
28,11,2011,1074,1095
29,11,2011,1094.400024,1105
30,11,2011,1089,1119.900024
01,12,2011,1135,1147.300049
02,12,2011,1130,1184.5
05,12,2011,1172,1182.699951
07,12,2011,1179.550049,1192.199951
08,12,2011,1166.300049,1188
09,12,2011,1170.949951,1182.900024
12,12,2011,1174.199951,1189.199951
13,12,2011,1169,1196.699951
14,12,2011,1179,1187.849976
15,12,2011,1170,1188
16,12,2011,1180.5,1182
19,12,2011,1143.5,1156.150024
20,12,2011,1141,1150
21,12,2011,1149,1165.400024
22,12,2011,1148,1161.949951
23,12,2011,1150,1161.300049
26,12,2011,1152.300049,1190
27,12,2011,1186,1190
28,12,2011,1169.900024,1184.099976
29,12,2011,1161.099976,1178.449951
30,12,2011,1175,1181
02,01,2012,1155.150024,1186
03,01,2012,1182.300049,1209.800049
04,01,2012,1202,1204
05,01,2012,1172,1185
06,01,2012,1161.050049,1187.949951
09,01,2012,1173.800049,1180
10,01,2012,1175,1184.5
11,01,2012,1172,1175.449951
12,01,2012,1114,1114
13,01,2012,1098,1103.800049
16,01,2012,1086.5,1112.849976
17,01,2012,1117,1124.400024
18,01,2012,1081,1095.949951
19,01,2012,1088,1089.599976
20,01,2012,1080.400024,1090
23,01,2012,1078.050049,1091.699951
24,01,2012,1082.400024,1095
25,01,2012,1092,1109
27,01,2012,1096.75,1119.449951
30,01,2012,1100.050049,1118
31,01,2012,1114,1134
01,02,2012,1130,1134
02,02,2012,1135,1151.5
03,02,2012,1151,1173.900024
06,02,2012,1172,1197.699951
07,02,2012,1202,1208.349976
08,02,2012,1213,1226
09,02,2012,1207.050049,1231.900024
10,02,2012,1224,1234.599976
13,02,2012,1222,1235
14,02,2012,1225,1228.349976
15,02,2012,1229.900024,1248
16,02,2012,1240,1241.099976
17,02,2012,1239.949951,1252.949951
21,02,2012,1228.699951,1237
22,02,2012,1234,1266
23,02,2012,1252.949951,1274.75
24,02,2012,1265,1279.199951
27,02,2012,1275,1278.550049
28,02,2012,1250,1258.5
29,02,2012,1240,1241
01,03,2012,1221.050049,1226.150024
02,03,2012,1226,1230
05,03,2012,1221.349976,1222
06,03,2012,1205,1221
07,03,2012,1201.599976,1201.599976
09,03,2012,1201.599976,1222
12,03,2012,1226.900024,1226.900024
13,03,2012,1185.5,1214.599976
14,03,2012,1212.050049,1212.050049
15,03,2012,1159.900024,1171.599976
16,03,2012,1167.5,1179
19,03,2012,1165,1169
20,03,2012,1131.599976,1144.300049
21,03,2012,1132.050049,1178.099976
22,03,2012,1165,1189.800049
23,03,2012,1172,1190.5
26,03,2012,1184.900024,1184.900024
27,03,2012,1174.25,1176.849976
28,03,2012,1170,1173.900024
29,03,2012,1163.150024,1163.150024
30,03,2012,1159.300049,1174
02,04,2012,1172.5,1195
03,04,2012,1198.5,1207
04,04,2012,1171,1189
09,04,2012,1178.349976,1189.699951
10,04,2012,1166,1174.900024
11,04,2012,1150,1154.449951
12,04,2012,1147,1149
13,04,2012,1093,1105
16,04,2012,1079,1079
17,04,2012,1075.050049,1093
18,04,2012,1100,1113.800049
19,04,2012,1096.650024,1104.949951
20,04,2012,1099.699951,1107.5
23,04,2012,1082,1102.449951
24,04,2012,1120,1229.75
25,04,2012,1192,1192
26,04,2012,1174,1199
27,04,2012,1193,1210
30,04,2012,1205.449951,1205.449951
02,05,2012,1205.449951,1275.300049
03,05,2012,1260,1284.599976
04,05,2012,1269,1294.800049
07,05,2012,1265.550049,1279.800049
08,05,2012,1225,1235.449951
09,05,2012,1202.900024,1235.199951
10,05,2012,1229.5,1242.050049
11,05,2012,1221,1237.25
14,05,2012,1230,1233.800049
15,05,2012,1215,1232.949951
16,05,2012,1221.099976,1241
17,05,2012,1223.699951,1234.900024
18,05,2012,1199.800049,1225
21,05,2012,1210,1224.800049
22,05,2012,1221,1235
23,05,2012,1230.550049,1234
24,05,2012,1224,1228.599976
25,05,2012,1221.050049,1225
28,05,2012,1222,1226.900024
29,05,2012,1226.400024,1247.900024
30,05,2012,1231.050049,1256.5
31,05,2012,1230.900024,1255
01,06,2012,1235,1243.199951
04,06,2012,1190,1216.849976
05,06,2012,1213,1230.800049
06,06,2012,1232.900024,1261.900024
07,06,2012,1245.050049,1250
08,06,2012,1232,1243
11,06,2012,1232.5,1245.75
12,06,2012,1225,1250.900024
13,06,2012,1245,1259.599976
14,06,2012,1247,1261.449951
15,06,2012,1246,1277.449951
18,06,2012,1275.099976,1287
19,06,2012,1255,1278
20,06,2012,1271,1275
21,06,2012,1250,1252.5
22,06,2012,1220,1240
25,06,2012,1236.5,1239.150024
26,06,2012,1222,1235.650024
27,06,2012,1233,1256.300049
28,06,2012,1252,1263
29,06,2012,1267,1285
02,07,2012,1278,1280
03,07,2012,1261,1269.449951
04,07,2012,1245,1249.900024
05,07,2012,1245,1247
06,07,2012,1245,1249.800049
09,07,2012,1248,1264.300049
10,07,2012,1265,1270
11,07,2012,1261,1273.900024
12,07,2012,1232,1250
13,07,2012,1275,1285
16,07,2012,1252.300049,1258.650024
17,07,2012,1218.699951,1218.699951
18,07,2012,1193,1204
19,07,2012,1202.099976,1210
20,07,2012,1204,1227.849976
23,07,2012,1213.900024,1227.5
24,07,2012,1212,1218.949951
25,07,2012,1205.800049,1215.400024
26,07,2012,1210.550049,1220
27,07,2012,1210,1232
30,07,2012,1230.550049,1242.800049
31,07,2012,1231.699951,1249.300049
01,08,2012,1240,1243.800049
02,08,2012,1229.949951,1237
03,08,2012,1230.550049,1240
06,08,2012,1243.5,1243.5
07,08,2012,1238,1270
08,08,2012,1270,1270
09,08,2012,1249,1268
10,08,2012,1257.5,1282.900024
13,08,2012,1280,1280
14,08,2012,1275,1275
16,08,2012,1268.650024,1271
17,08,2012,1266,1284.349976
21,08,2012,1277.449951,1305
22,08,2012,1295.550049,1310
23,08,2012,1293,1325
24,08,2012,1320.25,1328.5
27,08,2012,1315,1329.949951
28,08,2012,1324.75,1351.949951
29,08,2012,1350,1357.550049
30,08,2012,1335.050049,1378.5
31,08,2012,1355.050049,1358.849976
03,09,2012,1347.300049,1355
04,09,2012,1334.5,1347
05,09,2012,1337,1368
06,09,2012,1361.150024,1380
07,09,2012,1387,1395
10,09,2012,1387,1387
11,09,2012,1356.800049,1395
12,09,2012,1390,1420
13,09,2012,1410,1424.5
14,09,2012,1425,1438
17,09,2012,1416,1420.650024
18,09,2012,1341,1344
20,09,2012,1300.400024,1331.349976
21,09,2012,1321.800049,1332.900024
24,09,2012,1306,1314
25,09,2012,1290,1309.5
26,09,2012,1302,1305
27,09,2012,1283,1299
28,09,2012,1278,1306
01,10,2012,1298,1309.949951
03,10,2012,1302.599976,1324.800049
04,10,2012,1320,1320.650024
05,10,2012,1315,1317.050049
08,10,2012,1307,1315.699951
09,10,2012,1293.5,1298.949951
10,10,2012,1287.800049,1302.400024
11,10,2012,1287,1301.75
12,10,2012,1279,1312.150024
15,10,2012,1295,1305
16,10,2012,1301,1309
17,10,2012,1303,1304.849976
18,10,2012,1282.25,1309
19,10,2012,1310,1313.849976
22,10,2012,1326,1334.900024
23,10,2012,1323,1323.449951
25,10,2012,1313.300049,1323.800049
29,10,2012,1305,1321.5
30,10,2012,1307.550049,1321
31,10,2012,1310,1315.599976
01,11,2012,1315,1319
02,11,2012,1320,1337.800049
05,11,2012,1332,1342.599976
06,11,2012,1329.099976,1336.5
07,11,2012,1323,1332.75
08,11,2012,1320,1334.5
09,11,2012,1330,1332.550049
12,11,2012,1324.900024,1348
15,11,2012,1334.25,1334.25
16,11,2012,1295,1306.400024
19,11,2012,1290,1292.75
20,11,2012,1270.300049,1282
21,11,2012,1280,1294
22,11,2012,1289,1289
23,11,2012,1279,1291.25
26,11,2012,1288.099976,1295
27,11,2012,1300,1300
29,11,2012,1295.099976,1320
30,11,2012,1301,1324.900024
03,12,2012,1315,1321.900024
04,12,2012,1316.949951,1322
05,12,2012,1297,1307.75
06,12,2012,1298,1298.050049
07,12,2012,1275,1281.800049
10,12,2012,1263,1268
11,12,2012,1239,1243
12,12,2012,1223.449951,1240.75
13,12,2012,1238,1238
14,12,2012,1218,1243.650024
17,12,2012,1241,1250
18,12,2012,1209.75,1223.75
19,12,2012,1215.75,1236.800049
20,12,2012,1232,1251.800049
21,12,2012,1250,1264.5
24,12,2012,1259.900024,1271.25
26,12,2012,1263.199951,1270
27,12,2012,1264,1264
28,12,2012,1255.900024,1268.650024
31,12,2012,1260,1266
01,01,2013,1268,1268
02,01,2013,1266,1272.75
03,01,2013,1260,1282
04,01,2013,1282,1299.949951
07,01,2013,1300,1301.699951
08,01,2013,1291,1303.949951
09,01,2013,1297.5,1306.849976
10,01,2013,1276.300049,1281.800049
11,01,2013,1288.5,1322.449951
14,01,2013,1320,1348.050049
15,01,2013,1390,1400
16,01,2013,1339,1352.550049
17,01,2013,1350,1371
18,01,2013,1366,1366
21,01,2013,1355,1355
22,01,2013,1324,1332
23,01,2013,1319.800049,1323.449951
24,01,2013,1310,1334
25,01,2013,1323,1344
28,01,2013,1342.199951,1349.550049
29,01,2013,1340,1355.849976
30,01,2013,1340,1349.300049
31,01,2013,1344.900024,1352.199951
01,02,2013,1341.949951,1352.099976
04,02,2013,1347,1366
05,02,2013,1347.550049,1364.800049
06,02,2013,1363,1375.199951
07,02,2013,1363,1390
08,02,2013,1383.550049,1436
11,02,2013,1423.300049,1429.25
12,02,2013,1414,1415.75
13,02,2013,1406.099976,1437
14,02,2013,1425,1455
15,02,2013,1444,1451.400024
18,02,2013,1441.099976,1446.050049
19,02,2013,1424.900024,1449
20,02,2013,1443.050049,1455
21,02,2013,1442,1455.550049
22,02,2013,1449.949951,1462.949951
25,02,2013,1452,1473.900024
26,02,2013,1464.900024,1498
27,02,2013,1495,1501.699951
28,02,2013,1488,1520
01,03,2013,1512.199951,1515
04,03,2013,1495,1517
05,03,2013,1514.050049,1543
06,03,2013,1539,1562
07,03,2013,1560,1598
08,03,2013,1590.400024,1594.900024
11,03,2013,1571.050049,1587.099976
12,03,2013,1555,1569.150024
13,03,2013,1559.949951,1559.949951
14,03,2013,1555,1577.699951
15,03,2013,1571,1579.900024
18,03,2013,1558,1575
19,03,2013,1558.199951,1562.949951
20,03,2013,1540,1572
21,03,2013,1559,1573.949951
22,03,2013,1558.25,1560
25,03,2013,1550,1551.150024
26,03,2013,1544.849976,1568.900024
28,03,2013,1557.349976,1579.550049
01,04,2013,1571.800049,1572
02,04,2013,1554.949951,1571.949951
03,04,2013,1569,1575
04,04,2013,1535.050049,1536.150024
05,04,2013,1501,1506
08,04,2013,1494,1497.949951
09,04,2013,1481,1512
10,04,2013,1502,1540
11,04,2013,1540,1549
12,04,2013,1484,1530
15,04,2013,1515,1516.050049
16,04,2013,1473.099976,1494.75
17,04,2013,1495,1500
18,04,2013,1485,1485
22,04,2013,1450.699951,1457.199951
23,04,2013,1430,1446.900024
25,04,2013,1429.599976,1433
26,04,2013,1400,1402.050049
29,04,2013,1368.900024,1385.550049
30,04,2013,1364,1380.949951
02,05,2013,1376.25,1433.550049
03,05,2013,1425,1446.800049
06,05,2013,1422,1468.300049
07,05,2013,1470,1479
08,05,2013,1466.050049,1488.550049
09,05,2013,1475,1503.75
10,05,2013,1500,1509.900024
13,05,2013,1481.099976,1481.099976
14,05,2013,1454.349976,1470
15,05,2013,1452,1474.400024
16,05,2013,1469.099976,1469.25
17,05,2013,1460,1477
20,05,2013,1459,1483
21,05,2013,1464,1501.550049
22,05,2013,1500,1508
23,05,2013,1495,1525.199951
24,05,2013,1500,1502.449951
27,05,2013,1470,1499.900024
28,05,2013,1490,1517
29,05,2013,1520,1528.099976
30,05,2013,1490,1511.800049
31,05,2013,1500,1509.449951
03,06,2013,1500,1514
04,06,2013,1471.75,1473.800049
05,06,2013,1465,1472
06,06,2013,1454,1478.699951
07,06,2013,1471.849976,1539
10,06,2013,1530,1544.75
11,06,2013,1533,1540.800049
12,06,2013,1497,1497
13,06,2013,1465,1465.199951
14,06,2013,1440.349976,1457.300049
17,06,2013,1455,1459
18,06,2013,1450,1458
19,06,2013,1456,1458
20,06,2013,1425,1433.599976
21,06,2013,1410,1444
24,06,2013,1415,1432.5
25,06,2013,1415,1426.150024
26,06,2013,1391,1441.599976
27,06,2013,1442.5,1496
28,06,2013,1490,1525
01,07,2013,1508,1515.099976
02,07,2013,1494.050049,1506.900024
03,07,2013,1490,1519
04,07,2013,1500,1537.300049
05,07,2013,1540,1557.099976
08,07,2013,1530,1536.699951
09,07,2013,1508,1521.75
10,07,2013,1510,1526.349976
11,07,2013,1518,1568.25
12,07,2013,1596.300049,1622.75
15,07,2013,1600,1647
16,07,2013,1625,1664.800049
17,07,2013,1649.349976,1684
18,07,2013,1682,1695
19,07,2013,1700,1755
22,07,2013,1739,1758.599976
23,07,2013,1751,1780
24,07,2013,1745,1791
25,07,2013,1788.699951,1808
26,07,2013,1792,1799.699951
29,07,2013,1758,1794.099976
30,07,2013,1779.699951,1804.5
31,07,2013,1789,1830.099976
01,08,2013,1810,1832
02,08,2013,1820,1849.5
05,08,2013,1838.199951,1876
06,08,2013,1869,1881
07,08,2013,1866.349976,1890.300049
08,08,2013,1817.650024,1854.5
12,08,2013,1846.050049,1846.050049
13,08,2013,1825,1844.199951
14,08,2013,1819,1857.349976
16,08,2013,1830.550049,1830.550049
19,08,2013,1782,1807.300049
20,08,2013,1781,1785
21,08,2013,1736,1741.699951
22,08,2013,1710,1793.949951
23,08,2013,1781,1836
26,08,2013,1830,1876.5
27,08,2013,1830.099976,1871.949951
28,08,2013,1830,1942
29,08,2013,1905.349976,1969
30,08,2013,1940.099976,2040
02,09,2013,2018,2065.449951
03,09,2013,2054.899902,2065
04,09,2013,1993.099976,2075.850098
05,09,2013,2075,2075
06,09,2013,2006,2025
10,09,2013,1987.550049,2017
11,09,2013,2006,2025
12,09,2013,1997,1999
13,09,2013,1968,2000
16,09,2013,1951.099976,1980
17,09,2013,1908,1951.75
18,09,2013,1946,1964.800049
19,09,2013,1960,1988
20,09,2013,1955,1988.449951
23,09,2013,1945,1978
24,09,2013,1960,1976
25,09,2013,1945.099976,1971.599976
26,09,2013,1945,1972.699951
27,09,2013,1938,1960.5
30,09,2013,1948,1961.25
01,10,2013,1927,1950
03,10,2013,1945.550049,2034.900024
04,10,2013,2030,2067.800049
07,10,2013,2038,2094
08,10,2013,2087,2098
09,10,2013,2062.050049,2095
10,10,2013,2090,2097.949951
11,10,2013,2110,2136.350098
14,10,2013,2125,2224
15,10,2013,2235,2258.050049
17,10,2013,2218.149902,2239.899902
18,10,2013,2104,2130.699951
21,10,2013,2121.100098,2127
22,10,2013,2080,2108
23,10,2013,2090,2093
24,10,2013,2055,2082.600098
25,10,2013,2000,2071.050049
28,10,2013,2070,2089.449951
29,10,2013,2062,2086
30,10,2013,2072,2099.399902
31,10,2013,2091,2113.399902
01,11,2013,2110,2140.800049
05,11,2013,2097.149902,2102
06,11,2013,2062,2100
07,11,2013,2091,2148
08,11,2013,2122,2130
11,11,2013,2090,2139.899902
12,11,2013,2104,2119.199951
13,11,2013,2092,2104.899902
14,11,2013,2066,2072.399902
18,11,2013,2025.75,2060
19,11,2013,2047.650024,2055
20,11,2013,2040,2050.5
21,11,2013,2024.099976,2035.5
22,11,2013,2000,2011.599976
25,11,2013,2005.300049,2026.5
26,11,2013,2022,2022
27,11,2013,2009,2009.949951
28,11,2013,1995,1997.099976
29,11,2013,1984.5,2014.949951
02,12,2013,2001,2020
03,12,2013,2011.050049,2040
04,12,2013,2020.75,2030
05,12,2013,2015,2035.199951
06,12,2013,1990.150024,2010
09,12,2013,2020,2030
10,12,2013,2008.699951,2089
11,12,2013,2071.100098,2089.850098
12,12,2013,2048.800049,2070
13,12,2013,2046,2046
16,12,2013,2008,2039.699951
17,12,2013,2032,2065.199951
18,12,2013,2045,2070.899902
19,12,2013,2065,2108.899902
20,12,2013,2095.800049,2129.850098
23,12,2013,2130,2143.649902
24,12,2013,2121,2129.050049
26,12,2013,2111.149902,2117
27,12,2013,2102,2166.800049
30,12,2013,2165,2174.800049
31,12,2013,2160.199951,2183.300049
01,01,2014,2180,2185
02,01,2014,2160,2187.149902
03,01,2014,2175,2228.25
06,01,2014,2226,2243.649902
07,01,2014,2238.300049,2254.800049
08,01,2014,2214.850098,2242.5
09,01,2014,2230,2254.75
10,01,2014,2250,2307
13,01,2014,2290,2382.25
14,01,2014,2380,2384.199951
15,01,2014,2343,2377
16,01,2014,2380,2380
17,01,2014,2300,2300
20,01,2014,2220,2348.899902
21,01,2014,2330.149902,2340
22,01,2014,2295,2296
23,01,2014,2273.899902,2277
24,01,2014,2254,2284
27,01,2014,2236,2258
28,01,2014,2224.5,2247.699951
29,01,2014,2231.100098,2234
30,01,2014,2204,2229
31,01,2014,2230,2269.75
03,02,2014,2227,2244
04,02,2014,2179.050049,2179.050049
05,02,2014,2160,2195
06,02,2014,2190,2190
07,02,2014,2185,2191.300049
10,02,2014,2145,2148
11,02,2014,2095,2126
12,02,2014,2123.699951,2123.800049
13,02,2014,2109,2139
14,02,2014,2139,2184.399902
17,02,2014,2169,2187
18,02,2014,2166.699951,2189.899902
19,02,2014,2171,2209.75
20,02,2014,2202.199951,2221.5
21,02,2014,2203,2211
24,02,2014,2206,2206
25,02,2014,2190,2199.699951
26,02,2014,2191,2195
28,02,2014,2182.399902,2277
03,03,2014,2270,2296.899902
04,03,2014,2238,2255.149902
05,03,2014,2253.050049,2284.300049
06,03,2014,2254,2259
07,03,2014,2250,2250
10,03,2014,2225,2227
11,03,2014,2148.199951,2177.149902
12,03,2014,2146.149902,2189.350098
13,03,2014,2155,2201.5
14,03,2014,2149.5,2161
18,03,2014,2141.149902,2150
19,03,2014,2078,2078
20,03,2014,2039,2121
21,03,2014,2122,2143.800049
24,03,2014,2132,2157.25
25,03,2014,2149.699951,2172
26,03,2014,2151.5,2154.600098
27,03,2014,2100,2112.199951
28,03,2014,2100,2140
31,03,2014,2105,2135.949951
01,04,2014,2145,2181
02,04,2014,2179.800049,2200
03,04,2014,2171,2180.899902
04,04,2014,2171,2186
07,04,2014,2131,2175
09,04,2014,2150.399902,2160.050049
10,04,2014,2140,2148
11,04,2014,2125.800049,2174
15,04,2014,2163.699951,2258.800049
16,04,2014,2270,2270
17,04,2014,2218,2230
21,04,2014,2217.449951,2242
22,04,2014,2227.300049,2248.949951
23,04,2014,2225.100098,2240
24,04,2014,2214.949951,2214.949951
25,04,2014,2214,2234.699951
28,04,2014,2223,2223
29,04,2014,2192.699951,2205.600098
30,04,2014,2194,2206.949951
02,05,2014,2189.399902,2219.199951
05,05,2014,2210,2229
06,05,2014,2220,2220
07,05,2014,2191,2202.699951
08,05,2014,2165,2181
09,05,2014,2160,2184
12,05,2014,2160,2167
13,05,2014,2175,2237.949951
14,05,2014,2210,2237.5
15,05,2014,2217,2217.75
16,05,2014,2193,2253.649902
19,05,2014,2160,2160
20,05,2014,2034,2089
21,05,2014,2065,2087.800049
22,05,2014,2090,2118.25
23,05,2014,2121,2147.850098
26,05,2014,2135,2170
27,05,2014,2156,2183.699951
28,05,2014,2132,2160
29,05,2014,2155,2177
30,05,2014,2160,2169.149902
02,06,2014,2147,2154
03,06,2014,2130,2138.5
04,06,2014,2132,2135
05,06,2014,2091.899902,2112.399902
06,06,2014,2110,2110
09,06,2014,2085,2119
10,06,2014,2119.899902,2160
11,06,2014,2163,2211.850098
12,06,2014,2248.100098,2250.5
13,06,2014,2235,2235.75
16,06,2014,2215,2274.100098
17,06,2014,2281.050049,2296.850098
18,06,2014,2288,2288.100098
19,06,2014,2227,2284
20,06,2014,2280,2293.699951
23,06,2014,2286,2299
24,06,2014,2264.75,2315
25,06,2014,2307,2318
26,06,2014,2305,2343
27,06,2014,2320,2404.949951
30,06,2014,2402,2427
01,07,2014,2415,2423
02,07,2014,2395,2412.699951
03,07,2014,2407,2430
04,07,2014,2417.75,2426.050049
07,07,2014,2410,2492.5
08,07,2014,2490,2490
09,07,2014,2450,2471.050049
10,07,2014,2396.100098,2425
11,07,2014,2376,2409
14,07,2014,2415,2436.899902
15,07,2014,2427,2439.800049
16,07,2014,2402,2417.300049
17,07,2014,2413.800049,2428.75
18,07,2014,2451,2486
21,07,2014,2449.949951,2470
22,07,2014,2467.899902,2539
23,07,2014,2541,2595
24,07,2014,2599,2600
25,07,2014,2595,2613.350098
28,07,2014,2585,2599.800049
30,07,2014,2588.699951,2609.899902
31,07,2014,2578.800049,2591.75
01,08,2014,2577,2588
04,08,2014,2522.199951,2542
05,08,2014,2550,2550
06,08,2014,2524,2534.699951
07,08,2014,2500,2501
08,08,2014,2470,2505.649902
11,08,2014,2500,2501
12,08,2014,2480,2484.149902
13,08,2014,2470,2528.949951
14,08,2014,2500,2529.949951
18,08,2014,2496.550049,2505.600098
19,08,2014,2498,2500
20,08,2014,2470,2470
21,08,2014,2441,2460
22,08,2014,2445,2468
25,08,2014,2470,2525.399902
26,08,2014,2521,2549.899902
27,08,2014,2538.899902,2565.800049
28,08,2014,2560,2560
01,09,2014,2524.600098,2560
02,09,2014,2540,2552
03,09,2014,2550,2612.949951
04,09,2014,2613,2627.300049
05,09,2014,2592,2620
08,09,2014,2605.5,2650
09,09,2014,2650,2667
10,09,2014,2633,2655
11,09,2014,2620,2625
12,09,2014,2595.899902,2623.449951
15,09,2014,2607.5,2614.800049
16,09,2014,2569,2573.949951
17,09,2014,2570,2604.699951
18,09,2014,2592,2648.800049
19,09,2014,2638.050049,2733.25
22,09,2014,2708.100098,2735
23,09,2014,2726,2780
24,09,2014,2695,2698.699951
25,09,2014,2650,2725.800049
26,09,2014,2715,2723.850098
29,09,2014,2699,2777.800049
30,09,2014,2770,2779.949951
01,10,2014,2749,2802
07,10,2014,2775.699951,2834
08,10,2014,2735,2747
09,10,2014,2690,2721.199951
10,10,2014,2709.899902,2724.899902
13,10,2014,2685,2730
14,10,2014,2735,2740
15,10,2014,2699.699951,2699.699951
16,10,2014,2724,2751.550049
17,10,2014,2475,2509.5
20,10,2014,2480,2497.300049
21,10,2014,2431,2444.25
22,10,2014,2480,2483
27,10,2014,2452.399902,2515.050049
28,10,2014,2480,2480.899902
29,10,2014,2477.899902,2509
30,10,2014,2516.800049,2573
31,10,2014,2562,2620
03,11,2014,2645,2645.399902
05,11,2014,2589.300049,2621.050049
07,11,2014,2600.850098,2614.649902
10,11,2014,2588,2588
11,11,2014,2582,2593.600098
12,11,2014,2571,2610
13,11,2014,2591.800049,2603
14,11,2014,2585.5,2612.5
17,11,2014,2598,2624.300049
18,11,2014,2617,2625
19,11,2014,2591,2594
20,11,2014,2594.949951,2610
21,11,2014,2606,2633.949951
24,11,2014,2612.050049,2656.25
25,11,2014,2650,2680
26,11,2014,2620,2652.600098
27,11,2014,2629,2659
28,11,2014,2660,2688
01,12,2014,2643,2700
02,12,2014,2692,2709
03,12,2014,2661.149902,2668.100098
04,12,2014,2664,2665
05,12,2014,2646,2648
08,12,2014,2585,2587.75
09,12,2014,2520,2558.449951
10,12,2014,2512,2531
11,12,2014,2511.800049,2522.949951
12,12,2014,2499,2521.850098
15,12,2014,2393.800049,2393.800049
16,12,2014,2350,2457.649902
17,12,2014,2450,2471.899902
18,12,2014,2451,2466.5
19,12,2014,2464,2520.25
22,12,2014,2532.800049,2532.800049
23,12,2014,2518.199951,2535
24,12,2014,2516,2518.5
26,12,2014,2481.149902,2510.899902
29,12,2014,2505.100098,2535
30,12,2014,2525,2542.300049
31,12,2014,2526,2560
01,01,2015,2554.350098,2563.5
02,01,2015,2547.25,2589
05,01,2015,2593,2599.050049
06,01,2015,2527,2527
07,01,2015,2460.5,2479
08,01,2015,2445,2450
09,01,2015,2450,2518
12,01,2015,2520,2529
13,01,2015,2515.300049,2530
14,01,2015,2503.550049,2530.800049
15,01,2015,2521.949951,2583.5
16,01,2015,2540,2545
19,01,2015,2531.899902,2552.699951
20,01,2015,2526.899902,2529.649902
21,01,2015,2516,2519
22,01,2015,2511.899902,2520.800049
23,01,2015,2505,2530
27,01,2015,2501.699951,2519.899902
28,01,2015,2503,2543.050049
29,01,2015,2535,2558.399902
30,01,2015,2545,2574.949951
02,02,2015,2482.100098,2520
03,02,2015,2501,2560
04,02,2015,2565,2569.649902
05,02,2015,2515,2590
06,02,2015,2552,2592
09,02,2015,2575,2575
10,02,2015,2505,2524.199951
11,02,2015,2460,2487.600098
12,02,2015,2479,2479
13,02,2015,2470,2546.75
16,02,2015,2550,2593.449951
18,02,2015,2585.25,2640
19,02,2015,2648,2685
20,02,2015,2680.100098,2694.949951
23,02,2015,2673.899902,2719.899902
24,02,2015,2697.5,2727
25,02,2015,2708,2722.949951
26,02,2015,2675,2694.199951
27,02,2015,2653,2670.899902
02,03,2015,2675.100098,2707
03,03,2015,2670,2790
04,03,2015,2775,2810
05,03,2015,2748,2768.149902
09,03,2015,2696.350098,2696.350098
10,03,2015,2643.25,2674.600098
11,03,2015,2639.550049,2661.350098
12,03,2015,2616,2624.800049
13,03,2015,2625,2638.600098
16,03,2015,2582,2609.949951
17,03,2015,2580.199951,2605.5
18,03,2015,2590,2598.899902
19,03,2015,2585,2606
20,03,2015,2600,2616.75
23,03,2015,2611,2630.75
24,03,2015,2621.949951,2636
25,03,2015,2599,2614
26,03,2015,2557.800049,2586.100098
27,03,2015,2531,2571.25
30,03,2015,2525,2562.600098
31,03,2015,2560,2567.399902
01,04,2015,2565,2565
06,04,2015,2543.399902,2560.449951
07,04,2015,2568,2592
08,04,2015,2588,2652
09,04,2015,2678.800049,2683.949951
10,04,2015,2655,2669.649902
13,04,2015,2667,2667
15,04,2015,2650.25,2712
16,04,2015,2634.899902,2634.899902
17,04,2015,2561,2561
20,04,2015,2484,2486
21,04,2015,2438.899902,2450
22,04,2015,2425,2468.149902
23,04,2015,2472.100098,2476.449951
24,04,2015,2458,2515
27,04,2015,2509,2518.600098
28,04,2015,2505,2506.649902
29,04,2015,2494,2495
30,04,2015,2484,2484
04,05,2015,2466.649902,2503.850098
05,05,2015,2501.25,2535
06,05,2015,2511,2517
07,05,2015,2465,2556
08,05,2015,2552,2586.800049
11,05,2015,2545,2562.850098
12,05,2015,2555,2559.25
13,05,2015,2525.850098,2545
14,05,2015,2528.5,2528.5
15,05,2015,2508,2530
18,05,2015,2515,2525
19,05,2015,2520,2529.5
20,05,2015,2528,2563.699951
21,05,2015,2559.899902,2580
22,05,2015,2555.5,2629
25,05,2015,2620,2633.199951
26,05,2015,2603.149902,2622
27,05,2015,2595,2631.5
28,05,2015,2600,2624.899902
29,05,2015,2611.350098,2646.949951
01,06,2015,2610.25,2644.850098
02,06,2015,2628,2630.5
03,06,2015,2609.949951,2625
04,06,2015,2620,2622
05,06,2015,2584.550049,2605
08,06,2015,2598,2598
09,06,2015,2575,2588
10,06,2015,2564,2610
11,06,2015,2605,2625
12,06,2015,2574.850098,2588.050049
15,06,2015,2500,2519.899902
16,06,2015,2512.100098,2516.399902
17,06,2015,2511,2530.050049
18,06,2015,2515,2528.550049
19,06,2015,2539.899902,2560
22,06,2015,2552.550049,2605
23,06,2015,2600,2600
24,06,2015,2582,2585.800049
25,06,2015,2567,2574
26,06,2015,2553,2598
29,06,2015,2580,2603.199951
30,06,2015,2590,2590
01,07,2015,2565,2599
02,07,2015,2608.800049,2608.800049
03,07,2015,2577,2608.649902
06,07,2015,2590,2643.399902
07,07,2015,2635,2646.649902
08,07,2015,2601,2622.449951
09,07,2015,2600,2600
10,07,2015,2562,2562
13,07,2015,2484,2518.300049
14,07,2015,2509,2511.800049
15,07,2015,2503,2550
16,07,2015,2541,2558.449951
17,07,2015,2541,2567
20,07,2015,2559,2589
21,07,2015,2579.5,2599.050049
22,07,2015,2560,2567.899902
23,07,2015,2535,2538.449951
24,07,2015,2514,2517
27,07,2015,2500,2505
28,07,2015,2500,2518.949951
29,07,2015,2512,2515.449951
30,07,2015,2510,2515
31,07,2015,2490,2518.5
03,08,2015,2509.899902,2524
04,08,2015,2510,2520.800049
05,08,2015,2510,2547.850098
06,08,2015,2550,2582
07,08,2015,2574.300049,2574.300049
10,08,2015,2563,2588
11,08,2015,2570,2609.949951
12,08,2015,2603,2689.600098
13,08,2015,2671.5,2682.5
14,08,2015,2635.100098,2713
17,08,2015,2694,2694
18,08,2015,2700,2746
19,08,2015,2750,2750.949951
20,08,2015,2732,2732
21,08,2015,2690.300049,2727.800049
24,08,2015,2675,2675
25,08,2015,2585,2618.100098
26,08,2015,2565.449951,2638.949951
27,08,2015,2615.199951,2615.199951
28,08,2015,2599,2604.899902
31,08,2015,2583.850098,2588.449951
01,09,2015,2567,2610
02,09,2015,2560,2619
03,09,2015,2614,2614
04,09,2015,2625,2625
07,09,2015,2552,2559.5
08,09,2015,2543,2563.699951
09,09,2015,2560,2575
10,09,2015,2540,2576
11,09,2015,2549.899902,2568
14,09,2015,2555,2564.699951
15,09,2015,2550.75,2558
16,09,2015,2548,2563.949951
18,09,2015,2551.149902,2585
21,09,2015,2538,2554.149902
22,09,2015,2554.149902,2572
23,09,2015,2527,2557.300049
24,09,2015,2534,2583.949951
28,09,2015,2575.600098,2618.949951
29,09,2015,2572,2632
30,09,2015,2630,2641.800049
01,10,2015,2600,2645
05,10,2015,2639.699951,2769
06,10,2015,2725,2725.399902
07,10,2015,2695.699951,2716.449951
08,10,2015,2665.050049,2678
09,10,2015,2678,2678
12,10,2015,2667,2670
13,10,2015,2605,2612.449951
14,10,2015,2550,2550
15,10,2015,2490,2505
16,10,2015,2490,2492
19,10,2015,2478,2493
20,10,2015,2493,2529.800049
21,10,2015,2526.75,2542.199951
23,10,2015,2525.5,2542
26,10,2015,2545,2548
27,10,2015,2535.199951,2543.949951
28,10,2015,2526,2530
29,10,2015,2530,2530
30,10,2015,2501,2511
02,11,2015,2497,2516.899902
03,11,2015,2520,2545.550049
04,11,2015,2551,2551
05,11,2015,2538.949951,2539
06,11,2015,2488,2515.600098
09,11,2015,2484,2500.600098
10,11,2015,2476,2478
13,11,2015,2461.699951,2465
16,11,2015,2400,2400
17,11,2015,2381,2398.449951
18,11,2015,2390.550049,2390.550049
19,11,2015,2370,2381.25
20,11,2015,2364.100098,2422
23,11,2015,2413.899902,2413.899902
24,11,2015,2388,2391.899902
26,11,2015,2370.100098,2381.800049
27,11,2015,2346,2357.899902
30,11,2015,2360,2381.300049
01,12,2015,2365,2378.399902
02,12,2015,2367,2370.949951
03,12,2015,2366,2372.550049
04,12,2015,2339.800049,2340
07,12,2015,2331,2345
08,12,2015,2323,2348.5
09,12,2015,2330,2371
10,12,2015,2370,2392.399902
11,12,2015,2395,2395
14,12,2015,2344.899902,2384.449951
15,12,2015,2380,2384.899902
16,12,2015,2397.949951,2414.550049
17,12,2015,2420,2445.75
18,12,2015,2437.550049,2437.550049
21,12,2015,2410,2448
22,12,2015,2441.050049,2441.050049
23,12,2015,2411.350098,2435
24,12,2015,2420,2435.949951
28,12,2015,2433.350098,2462.899902
29,12,2015,2460,2464.5
30,12,2015,2452,2457
31,12,2015,2420,2448
01,01,2016,2432.100098,2436.350098
04,01,2016,2416.100098,2416.100098
05,01,2016,2383,2386.350098
06,01,2016,2365,2384.5
07,01,2016,2375,2379.699951
08,01,2016,2380,2409
11,01,2016,2396.449951,2396.449951
12,01,2016,2367.949951,2367.949951
13,01,2016,2317,2327.949951
14,01,2016,2275,2297.5
15,01,2016,2290,2291.350098
18,01,2016,2270,2291
19,01,2016,2283,2293
20,01,2016,2279,2282.5
21,01,2016,2280,2286.25
22,01,2016,2266,2301
25,01,2016,2295.149902,2338.800049
27,01,2016,2305.949951,2327.949951
28,01,2016,2310,2347
29,01,2016,2339,2398.25
01,02,2016,2392,2412
02,02,2016,2408,2430.5
03,02,2016,2377,2422.899902
04,02,2016,2420,2437.550049
05,02,2016,2406.100098,2439.949951
08,02,2016,2415,2415
09,02,2016,2331,2332
10,02,2016,2280,2290
11,02,2016,2271.100098,2285
12,02,2016,2198,2242
15,02,2016,2245.600098,2306.5
16,02,2016,2270,2281
17,02,2016,2270.699951,2281.899902
18,02,2016,2280.050049,2319.449951
19,02,2016,2314,2325.300049
22,02,2016,2320.5,2343.449951
23,02,2016,2316,2320
24,02,2016,2264,2264
25,02,2016,2222,2238
26,02,2016,2238,2256.949951
29,02,2016,2214,2230
01,03,2016,2182.5,2284.5
02,03,2016,2291.100098,2330
03,03,2016,2324,2389.5
04,03,2016,2373,2377.949951
08,03,2016,2359.050049,2365
09,03,2016,2350,2368.850098
10,03,2016,2356,2356
11,03,2016,2348,2389.899902
14,03,2016,2370,2396.899902
15,03,2016,2355,2356.949951
16,03,2016,2323.399902,2331
17,03,2016,2330.100098,2361.649902
18,03,2016,2363,2435
21,03,2016,2430,2457
22,03,2016,2446,2485
23,03,2016,2478,2485
28,03,2016,2474.699951,2517.949951
29,03,2016,2475,2486.399902
30,03,2016,2470,2503
31,03,2016,2488,2534
01,04,2016,2505.050049,2520.949951
04,04,2016,2469,2487.800049
05,04,2016,2472.300049,2484
06,04,2016,2465,2487.5
07,04,2016,2478.899902,2483.399902
08,04,2016,2465,2466.899902
11,04,2016,2450,2514.449951
12,04,2016,2506.649902,2519.25
13,04,2016,2525,2543.399902
18,04,2016,2523.149902,2553.149902
20,04,2016,2522.399902,2548
21,04,2016,2462,2466.899902
22,04,2016,2411,2435
25,04,2016,2417,2454.199951
26,04,2016,2435,2492.800049
27,04,2016,2489.899902,2512
28,04,2016,2508,2536.350098
29,04,2016,2520,2539.600098
02,05,2016,2530.050049,2530.050049
03,05,2016,2520,2530
04,05,2016,2471,2492.100098
05,05,2016,2480.649902,2490.399902
06,05,2016,2470,2484
09,05,2016,2472.149902,2519.899902
10,05,2016,2514,2532.850098
11,05,2016,2515,2524
12,05,2016,2519,2570
13,05,2016,2565,2565
16,05,2016,2524,2563.949951
17,05,2016,2556,2590.850098
18,05,2016,2570.199951,2570.199951
19,05,2016,2550,2559.899902
20,05,2016,2564.949951,2565
23,05,2016,2532,2547.75
24,05,2016,2483.899902,2488
25,05,2016,2488.550049,2532
26,05,2016,2526,2569
27,05,2016,2561,2580
30,05,2016,2585,2643
31,05,2016,2621,2645.449951
01,06,2016,2577.899902,2642.550049
02,06,2016,2629.5,2651
03,06,2016,2651,2658.600098
06,06,2016,2629.550049,2639.850098
07,06,2016,2627,2638.899902
08,06,2016,2630,2630
09,06,2016,2620,2624.600098
10,06,2016,2577,2602.25
13,06,2016,2550,2555.649902
14,06,2016,2550,2556.899902
15,06,2016,2530,2563.699951
16,06,2016,2560.5,2564.800049
17,06,2016,2559,2609.800049
20,06,2016,2599.5,2662.949951
21,06,2016,2660,2661.100098
22,06,2016,2647.300049,2675.449951
23,06,2016,2654.100098,2657.949951
24,06,2016,2585,2592.100098
27,06,2016,2548,2548
28,06,2016,2495.5,2502
29,06,2016,2477,2509
30,06,2016,2514,2563.800049
01,07,2016,2553.100098,2571
04,07,2016,2520,2525
05,07,2016,2498,2498
07,07,2016,2482.699951,2492.899902
08,07,2016,2435,2443
11,07,2016,2427,2469
12,07,2016,2469,2476.649902
13,07,2016,2476,2498
14,07,2016,2488.5,2526.850098
15,07,2016,2524,2528
18,07,2016,2445,2470
19,07,2016,2430,2467.050049
20,07,2016,2458,2499
21,07,2016,2490,2515
22,07,2016,2490,2520.899902
25,07,2016,2508.5,2555
26,07,2016,2551,2563
27,07,2016,2550,2580
28,07,2016,2577,2626.600098
29,07,2016,2614,2632
01,08,2016,2620,2720
02,08,2016,2696,2716
03,08,2016,2680.5,2694
04,08,2016,2678.699951,2682.050049
05,08,2016,2660,2682.899902
08,08,2016,2648,2666.800049
09,08,2016,2651.899902,2659
10,08,2016,2650,2680
11,08,2016,2670,2715
12,08,2016,2706,2740
16,08,2016,2732.350098,2740
17,08,2016,2695,2695
18,08,2016,2630,2657
19,08,2016,2636,2647.800049
22,08,2016,2581,2593.5
23,08,2016,2536,2606
24,08,2016,2601,2601
25,08,2016,2576,2589.199951
26,08,2016,2555.100098,2571.550049
29,08,2016,2530,2533.949951
30,08,2016,2510,2574.75
31,08,2016,2547,2547
01,09,2016,2529,2530
02,09,2016,2515,2519
06,09,2016,2513.5,2544
07,09,2016,2509,2509
08,09,2016,2367,2367
09,09,2016,2325,2366
12,09,2016,2337.5,2364.600098
14,09,2016,2359.100098,2374.949951
15,09,2016,2339,2344.5
16,09,2016,2345,2376.949951
19,09,2016,2363.800049,2422.949951
20,09,2016,2407.350098,2419.899902
21,09,2016,2406.5,2421.399902
22,09,2016,2428.5,2428.5
23,09,2016,2384,2401.5
26,09,2016,2393,2416.899902
27,09,2016,2405,2445
28,09,2016,2430,2436
29,09,2016,2428,2449.600098
30,09,2016,2435,2448
03,10,2016,2440,2455
04,10,2016,2412,2422.300049
05,10,2016,2406,2413.399902
06,10,2016,2390,2397.550049
07,10,2016,2388,2388
10,10,2016,2370,2385
13,10,2016,2380.100098,2380.100098
14,10,2016,2322,2384.399902
17,10,2016,2367.100098,2377
18,10,2016,2371,2410
19,10,2016,2405,2405
20,10,2016,2390.100098,2408.75
21,10,2016,2398,2431.25
24,10,2016,2428,2430.550049
25,10,2016,2398,2414.399902
26,10,2016,2398.649902,2403.949951
27,10,2016,2380,2425
28,10,2016,2413.25,2415
01,11,2016,2399.25,2399.25
02,11,2016,2340,2340
03,11,2016,2294,2333.550049
04,11,2016,2301,2336
07,11,2016,2331.5,2339
08,11,2016,2280,2307.5
09,11,2016,2220.899902,2275
10,11,2016,2200,2219
11,11,2016,2145,2146
15,11,2016,2105.050049,2156.399902
16,11,2016,2125,2209.5
17,11,2016,2189,2204.699951
18,11,2016,2146,2149.050049
21,11,2016,2130,2141
22,11,2016,2132,2174.899902
23,11,2016,2141.149902,2162.300049
24,11,2016,2155,2208
25,11,2016,2199.949951,2310
28,11,2016,2300,2317.699951
29,11,2016,2280.5,2290.25
30,11,2016,2262.5,2295
01,12,2016,2290,2290
02,12,2016,2265,2269.899902
05,12,2016,2221,2235.149902
06,12,2016,2195,2204
07,12,2016,2190,2190
08,12,2016,2160,2200
09,12,2016,2201.550049,2220.949951
12,12,2016,2195,2215.5
13,12,2016,2244,2244
14,12,2016,2202,2223
15,12,2016,2207.899902,2271.5
16,12,2016,2270.100098,2286
19,12,2016,2288,2296.050049
20,12,2016,2290,2344
21,12,2016,2345,2345
22,12,2016,2312.75,2324.699951
23,12,2016,2309,2315.699951
26,12,2016,2280,2300
27,12,2016,2290,2329
28,12,2016,2325,2349
29,12,2016,2304.899902,2355
30,12,2016,2351.899902,2375.899902
02,01,2017,2365,2375
03,01,2017,2361,2371.350098
04,01,2017,2369.100098,2386
05,01,2017,2378.550049,2387
06,01,2017,2320,2329.800049
09,01,2017,2288,2310
10,01,2017,2319,2328.300049
11,01,2017,2315.449951,2328
12,01,2017,2339.899902,2359.75
13,01,2017,2350,2368
16,01,2017,2252,2273.899902
17,01,2017,2260,2287
18,01,2017,2284.600098,2297
19,01,2017,2295,2297
20,01,2017,2291,2300
23,01,2017,2259,2311
24,01,2017,2310,2324
25,01,2017,2318,2359.949951
27,01,2017,2352.699951,2377.300049
30,01,2017,2340,2348.050049
31,01,2017,2334,2334
01,02,2017,2224.350098,2239.949951
02,02,2017,2170,2218.899902
03,02,2017,2205.800049,2242
06,02,2017,2248.199951,2254.399902
07,02,2017,2241,2250
08,02,2017,2240,2281
09,02,2017,2270,2330.899902
10,02,2017,2304,2420.899902
13,02,2017,2403.300049,2425
14,02,2017,2414,2415
15,02,2017,2400,2427
16,02,2017,2450,2477.5
17,02,2017,2452.050049,2474
20,02,2017,2419,2555
21,02,2017,2516,2525
22,02,2017,2465,2471.449951
23,02,2017,2410,2491
27,02,2017,2481.649902,2500
28,02,2017,2488.899902,2491.25
01,03,2017,2484,2501
02,03,2017,2480,2510
03,03,2017,2501,2501
06,03,2017,2475,2482.449951
07,03,2017,2472,2507.449951
08,03,2017,2499,2520
09,03,2017,2513.899902,2524.899902
10,03,2017,2525,2548.5
14,03,2017,2541.800049,2584
15,03,2017,2565,2570
16,03,2017,2501,2525
17,03,2017,2548,2548
20,03,2017,2518,2523.399902
21,03,2017,2482,2493.899902
22,03,2017,2487,2495
23,03,2017,2478,2486
24,03,2017,2465,2470
27,03,2017,2428,2441
28,03,2017,2412.100098,2441.850098
29,03,2017,2431.25,2447.899902
30,03,2017,2440,2465
31,03,2017,2439,2440
03,04,2017,2435,2435
05,04,2017,2413.300049,2418.5
06,04,2017,2401.199951,2410.050049
07,04,2017,2400,2430
10,04,2017,2430,2448
11,04,2017,2420,2442
12,04,2017,2419.149902,2427
13,04,2017,2400,2408
17,04,2017,2327.850098,2333.050049
18,04,2017,2325,2338.949951
19,04,2017,2285,2348.449951
20,04,2017,2318.899902,2334
21,04,2017,2330,2335.449951
24,04,2017,2300,2337.050049
25,04,2017,2331,2343.300049
26,04,2017,2330.25,2341
27,04,2017,2320,2329.649902
28,04,2017,2301.399902,2302
02,05,2017,2272.100098,2301.5
03,05,2017,2299,2343.5
04,05,2017,2345,2348
05,05,2017,2302,2331.800049
08,05,2017,2325,2346.899902
09,05,2017,2342.449951,2362
10,05,2017,2352.75,2356
11,05,2017,2340,2359.649902
12,05,2017,2349,2369
15,05,2017,2364.5,2375
16,05,2017,2378.699951,2434.800049
17,05,2017,2431.899902,2460
18,05,2017,2451,2565.75
19,05,2017,2546,2550
22,05,2017,2507,2550
23,05,2017,2529.5,2560.600098
24,05,2017,2522.449951,2570
25,05,2017,2572,2633
26,05,2017,2624,2636
29,05,2017,2579,2595.850098
30,05,2017,2572.850098,2575
31,05,2017,2531,2571.550049
01,06,2017,2530,2562.199951
02,06,2017,2542.25,2589
05,06,2017,2565,2620
06,06,2017,2644,2707.399902
07,06,2017,2700,2700
08,06,2017,2610,2610
09,06,2017,2516,2545.5
12,06,2017,2500,2514
13,06,2017,2466.25,2482.449951
14,06,2017,2450.050049,2477
15,06,2017,2465.050049,2469.949951
16,06,2017,2411.100098,2434.899902
19,06,2017,2408.5,2442.850098
20,06,2017,2429.949951,2445
21,06,2017,2441,2441
22,06,2017,2410,2430.100098
23,06,2017,2403,2413
27,06,2017,2360.649902,2386.350098
28,06,2017,2345,2358.300049
29,06,2017,2353,2370.800049
30,06,2017,2330,2377.850098
03,07,2017,2364,2382.949951
04,07,2017,2373.399902,2381.399902
05,07,2017,2364,2364
06,07,2017,2350.050049,2361.300049
07,07,2017,2354.600098,2356
10,07,2017,2333,2452
11,07,2017,2438.800049,2513.399902
12,07,2017,2487.949951,2488
13,07,2017,2449.899902,2471
14,07,2017,2389,2422.649902
17,07,2017,2400,2420.649902
18,07,2017,2397,2440
19,07,2017,2418,2457.899902
20,07,2017,2450,2457.399902
21,07,2017,2445.199951,2499
24,07,2017,2480,2539.199951
25,07,2017,2530,2580
26,07,2017,2555,2573
27,07,2017,2550,2583.699951
28,07,2017,2479.399902,2488.550049
31,07,2017,2470,2516
01,08,2017,2494.050049,2518.899902
02,08,2017,2499,2501.850098
03,08,2017,2479,2501.449951
04,08,2017,2490,2528
07,08,2017,2522,2522.75
08,08,2017,2525,2526
09,08,2017,2495.949951,2521.449951
10,08,2017,2498.399902,2520
11,08,2017,2514,2533.300049
14,08,2017,2501,2505.600098
16,08,2017,2469.149902,2547
17,08,2017,2500,2500
18,08,2017,2475,2546.449951
21,08,2017,2512.850098,2542
22,08,2017,2519.899902,2538
23,08,2017,2500,2520
24,08,2017,2475.300049,2515
28,08,2017,2495.300049,2501.949951
29,08,2017,2485.850098,2493.899902
30,08,2017,2487.5,2491.449951
31,08,2017,2492,2500
01,09,2017,2475,2477
04,09,2017,2456.449951,2462.75
05,09,2017,2457.800049,2482.5
06,09,2017,2470,2474.949951
07,09,2017,2456,2467
08,09,2017,2463,2475
11,09,2017,2474,2480.550049
12,09,2017,2465,2494.449951
13,09,2017,2500,2528.050049
14,09,2017,2490,2497.449951
15,09,2017,2492,2514.449951
18,09,2017,2507,2516.899902
19,09,2017,2499.050049,2503.350098
20,09,2017,2498.300049,2505
21,09,2017,2487.5,2539.699951
22,09,2017,2525,2525.899902
25,09,2017,2528.800049,2533
26,09,2017,2508.199951,2526
27,09,2017,2490,2507.949951
28,09,2017,2495,2511.050049
29,09,2017,2478.449951,2483.449951
03,10,2017,2437,2455.449951
04,10,2017,2470,2470
05,10,2017,2442,2442.550049
06,10,2017,2428,2454.050049
09,10,2017,2448,2467
10,10,2017,2460,2470.600098
11,10,2017,2460,2513.350098
12,10,2017,2501.050049,2555
13,10,2017,2549.899902,2605.600098
16,10,2017,2556.75,2590
17,10,2017,2586,2612.949951
18,10,2017,2590,2611.899902
19,10,2017,2589.050049,2594.949951
23,10,2017,2580.949951,2625.050049
24,10,2017,2610,2619
25,10,2017,2582,2611
26,10,2017,2560,2566.399902
27,10,2017,2545,2590
30,10,2017,2580,2618
31,10,2017,2595.050049,2634.899902
01,11,2017,2622,2622
02,11,2017,2586.5,2670
03,11,2017,2630,2635
06,11,2017,2610,2672.949951
07,11,2017,2671,2743.600098
08,11,2017,2728,2753.100098
09,11,2017,2750,2750
10,11,2017,2717,2729.949951
13,11,2017,2703,2774
14,11,2017,2758,2758
15,11,2017,2715,2749.949951
16,11,2017,2707,2761
17,11,2017,2759,2759
20,11,2017,2718.100098,2725.649902
21,11,2017,2704.75,2704.75
22,11,2017,2670,2709.399902
23,11,2017,2684.100098,2694.25
24,11,2017,2674,2706
27,11,2017,2677,2691.399902
28,11,2017,2687,2697.5
29,11,2017,2679.800049,2692.300049
30,11,2017,2658,2668.550049
01,12,2017,2637,2668.949951
04,12,2017,2627,2658.600098
05,12,2017,2620,2649
06,12,2017,2634,2640
07,12,2017,2631.449951,2644.550049
08,12,2017,2617,2644
11,12,2017,2605,2667
12,12,2017,2656.050049,2659.100098
13,12,2017,2595.100098,2647.550049
14,12,2017,2620.25,2630
15,12,2017,2560,2587.300049
18,12,2017,2533,2585.199951
19,12,2017,2570,2597.399902
20,12,2017,2570,2592
21,12,2017,2590,2606.899902
22,12,2017,2600,2659.899902
26,12,2017,2639.800049,2688
27,12,2017,2636.100098,2657.949951
28,12,2017,2603,2650
29,12,2017,2615,2711.699951
01,01,2018,2689.800049,2692.5
02,01,2018,2642.949951,2677.449951
03,01,2018,2634,2664.050049
04,01,2018,2660,2660
05,01,2018,2651,2694
08,01,2018,2695,2721.350098
09,01,2018,2710,2723.300049
10,01,2018,2712,2816
11,01,2018,2807.199951,2820
12,01,2018,2813,2813
15,01,2018,2790,2803.050049
16,01,2018,2748.199951,2860
17,01,2018,2857.100098,2925
18,01,2018,2895,2925
19,01,2018,2920,2979
22,01,2018,2956,3130
23,01,2018,3115,3137.75
24,01,2018,3100,3254.800049
25,01,2018,3180,3181
29,01,2018,3117.850098,3224
30,01,2018,3119,3199.25
31,01,2018,3131,3147.100098
01,02,2018,3120,3189
02,02,2018,3115,3190
05,02,2018,3111,3185.899902
06,02,2018,3030,3077.850098
07,02,2018,3015,3044
08,02,2018,2971,3026.75
09,02,2018,2960,2991.75
12,02,2018,3008,3018
14,02,2018,2967.899902,2974
15,02,2018,2929,2942.5
16,02,2018,2925,2999
19,02,2018,2940,2952.449951
20,02,2018,2930,2983.449951
21,02,2018,2961,3060
22,02,2018,3045,3077.949951
23,02,2018,3042,3100
26,02,2018,3078.100098,3084.75
27,02,2018,3049.949951,3077.800049
28,02,2018,3040,3062.350098
01,03,2018,3041,3060
05,03,2018,3037.100098,3112.449951
06,03,2018,3133,3133
07,03,2018,3055,3089.75
08,03,2018,3060,3060
09,03,2018,3014,3059.949951
12,03,2018,3035,3080
13,03,2018,2928,2929
14,03,2018,2892.95,2923.05	
15,03,2018,2895.00,2902.55	
16,03,2018,2868.80,2872.0
19,03,2018,2829.00,2848.00
